Nymesis,6-Jul-01
AJZ,14-Sep-04
E5Destroyer,1-Oct-01
Ghost,27-Dec-03
Mandy,4-Mar-04
WorthyOne,4-Jun-03
Gamma,27-Oct-04
RamAir,13-Feb-05
SgtWheats,1-Jun-09
Swatfire,15-Jan-02
Hirken,1-Oct-03
Bluedog,23-Jun-05
Chief,14-Aug-05
Chronowolf,19-Aug-05
Duro,24-Jun-05
g3n0,1-Jan-06
GravePrometheus,10-Oct-05
Halo,8-May-06
Haya,20-Feb-05
Ingram,14-Sep-04
Kyle,28-Jan-06
LadyG,7-Jan-06
Linx,3-Jan-05
Lowertech,6-Nov-04
Marksmen,25-Dec-04
Snake,25-Jul-05
Squid,25-Jul-05
Tango,10-Apr-05
Tank,25-Dec-04
Weman,6-Mar-05
Zanathos,20-Feb-05
Bambi,5-May-08
EyePuppy,22-Jan-07
Gristlebone,14-Jul-08
Kid6969,15-Aug-07
King,21-Aug-07
Petzl,27-Apr-07
Xora,9-Jan-08
Alteran,7-Dec-08
Korrelia,23-Aug-08
Desro,9-Feb-12
Naomi,19-Jul-12
Battering Ram,18-Oct-13
Torgo,31-Mar-14
Ecko,16-Jan-21
Crazysaneman,12-Mar-21
Felon,25-Jul-21
Frostymus,3-Mar-21
Helier,27-Apr-21
Hittman,7-Feb-21
Magnus,30-Apr-21
Rambo,4-Jun-21
Red Oktober,12-Mar-21
Rude,26-Feb-21
Spac3_Ghost,7-Feb-21
Tauri,7-Feb-21
Aramis,11-Sep-21
BigBlue,14-Jan-22
ClericAnubis,3-Oct-21
Heartstok,3-Dec-21
HoneyBadger,17-Jan-22
Mikey,3-Dec-21
Sausage_Carius,3-Dec-21
TheWandererBoio,3-Dec-21
Vaanguard,14-Jan-22
Blindleader,27-Jan-22
Darkkaura,3-Mar-22
MrWipeMeDown,28-Jul-22
OrangeQuantum,18-Jul-22
Xake,31-Jul-22
